Workbook

Sheet UR
A1: ID | B1: Tipo | C1: Descripción del Requerimiento | D1: Justificación | E1: Impacto / Alcance | F1: Método de Verificación | G1: Estado
A2: UR-01 | B2: Funcional | C2: El sistema debe proveer un servicio Store & Forward satelital para estaciones meteorológicas, sismológicas y sensores remotos. | D2: Permitir recopilación de datos en zonas aisladas | E2: Sistema completo | F2: Demostración en órbita | G2: Propuesto
A3: UR-02 | B3: Operacional | C3: El sistema debe operar desde un CubeSat clase 12U en órbita LEO. | D3: Compatibilidad con plataformas CubeSat | E3: Integración mecánica y eléctrica | F3: Inspección / Análisis | G3: Propuesto
A4: UR-03 | B4: Cobertura | C4: El sistema debe cubrir territorio continental, zonas extremas y territorio antártico chileno. | D4: Necesidad nacional de conectividad | E4: Comunicaciones / Órbita | F4: Análisis / Demostración | G4: Propuesto
A5: UR-04 | B5: Desempeño | C5: El sistema debe aceptar latencias del orden de horas entre transmisión y recepción final. | D5: Naturaleza Store & Forward | E5: Operación del sistema | F5: Análisis | G5: Propuesto
A6: UR-05 | B6: Funcional | C6: El sistema debe almacenar y reenviar datos de múltiples estaciones remotas. | D6: Manejo de múltiples fuentes | E6: Almacenamiento y comunicaciones | F6: Prueba funcional | G6: Propuesto
A7: UR-06 | B7: Interoperabilidad | C7: El sistema debe ser compatible con estaciones meteorológicas y sísmicas existentes. | D7: Uso de infraestructura actual | E7: Comunicaciones | F7: Análisis / Prueba | G7: Propuesto
A8: UR-07 | B8: Regulatorio | C8: El sistema debe cumplir normativa nacional e internacional de espectro radioeléctrico. | D8: Uso legal del espectro | E8: RF / Comunicaciones | F8: Revisión documental | G8: Propuesto
A9: UR-08 | B9: Integración | C9: El sistema debe integrarse genéricamente con un CubeSat 12U, sin depender de un bus específico. | D9: Reutilización futura | E9: Interfaces | F9: Inspección | G9: Propuesto
A10: UR-09 | B10: Operacional | C10: El sistema debe operar bajo control del OBC del satélite. | D10: Control centralizado | E10: Interfaces / Software | F10: Prueba de integración | G10: Propuesto
A11: UR-10 | B11: Estratégico | C11: El sistema debe ser experimental con proyección a aplicaciones comerciales. | D11: Desarrollo tecnológico nacional | E11: Arquitectura | F11: Revisión de diseño | G11: Propuesto
A12: UR-11 | B12: Arquitectura | C12: El sistema debe ser modular, reutilizable y escalable. | D12: Futuras misiones / constelaciones | E12: Sistema completo | F12: Revisión de arquitectura | G12: Propuesto
... A15: UR-14 | B15: Verificación | C15: El sistema debe ser validado mediante pruebas en tierra y en órbita. | D15: Reducción de riesgos | E15: Sistema completo | F15: Pruebas / Demostración | G15: Propuesto

Sheet SR
A1: ID | B1: Tipo | C1: Descripción del Requerimiento | D1: Justificación | E1: Impacto / Alcance | F1: Método de Verificación | G1: Estado
A2: SR-01 | B2: Funcional | C2: El sistema debe implementar recepción, almacenamiento no volátil y reenvío de datos. | D2: Implementar Store & Forward | E2: Data / COM | F2: Prueba funcional | G2: Propuesto
A3: SR-02 | B3: RF | C3: El sistema debe operar en una banda UHF permitida para ISM/meteorología en Chile (frecuencia TBD, 430MHz, 868MHz, 928MHz). | D3: Compatibilidad regulatoria | E3: RF | F3: Análisis | G3: Propuesto
A4: SR-03 | B4: Comunicaciones | C4: El sistema debe soportar comunicación half-duplex o full-duplex con estaciones remotas. | D4: Simplicidad y compatibilidad | E4: COM | F4: Prueba funcional | G4: Propuesto
A5: SR-04 | B5: Comunicaciones | C5: El sistema debe utilizar modulación digital robusta (BPSK o QPSK). | D5: Robustez del enlace | E5: RF / COM | F5: Análisis | G5: Propuesto
A6: SR-05 | B6: Desempeño | C6: El sistema debe soportar tasas de datos suficientes para transmitir datos durante la ventana de contacto. | D6: Ventana limitada de contacto | E6: COM | F6: Análisis | G6: Propuesto
A7: SR-06 | B7: Almacenamiento | C7: El sistema debe disponer de almacenamiento no volátil para grandes volúmenes de información de múltiples estaciones. | D7: Multiplicidad de estaciones | E7: Data | F7: Prueba funcional | G7: Propuesto
A8: SR-07 | B8: Almacenamiento | C8: El sistema debe sobrescribir datos antiguos al alcanzar capacidad máxima. | D8: Operación continua | E8: Data | F8: Prueba funcional | G8: Propuesto
A9: SR-08 | B9: Robustez | C9: El sistema debe preservar datos ante reinicios o fallos temporales. | D9: Integridad de datos | E9: Data / SW | F9: Prueba funcional | G9: Propuesto
A10: SR-09 | B10: Interfaces | C10: El sistema debe comunicarse con el OBC mediante una única interfaz (TBD). | D10: Simplicidad de integración | E10: Interfaces | F10: Prueba integración | G10: Propuesto
A11: SR-10 | B11: Telemetría | C11: El sistema debe reportar periódicamente su estado al OBC. | D11: Monitoreo de salud | E11: SW / Interfaces | F11: Prueba funcional | G11: Propuesto
A12: SR-11 | B12: Operacional | C12: El sistema debe operar coordinado con el ADCS del satélite. | D12: Apuntamiento terrestre | E12: COM / RF | F12: Análisis | G12: Propuesto
... A21: SR-20 | B21: Verificación | C21: El sistema debe ser completamente verificable en tierra y en órbita. | D21: Validación de misión | E21: Sistema completo | F21: Pruebas | G21: Propuesto

Sheet TRAZABILIDAD
A1: Columna1 | B1: Columna2
A2: UR-01 | B2: SR-01
A3: UR-01 | B3: SR-02
A4: UR-01 | B4: SR-03
A5: UR-01 | B5: SR-04
A6: UR-01 | B6: SR-05
A7: UR-02 | B7: SR-09
A8: UR-02 | B8: SR-11
A9: UR-02 | B9: SR-13
A10: UR-03 | B10: SR-02
A11: UR-03 | B11: SR-05
A12: UR-03 | B12: SR-12
... A36: UR-14 | B36: SR-20

Sheet MT
B1: {=TRANSPOSE(Tabla_SR[ID])} -> SR-01 | C1: SR-02 | D1: SR-03 | E1: SR-04 | F1: SR-05 | G1: SR-06 | H1: SR-07 | I1: SR-08 | J1: SR-09 | K1: SR-10 | L1: SR-11 | M1: SR-12 | N1: SR-13 | O1: SR-14 | P1: SR-15 | Q1: SR-16 | R1: SR-17 | S1: SR-18 | T1: SR-19 | U1: SR-20
A2: =UR!A2 -> UR-01 | B2: =IF(COUNTIFS(TRAZABILIDAD!$A:$A,$A2,TRAZABILIDAD!$B:$B,B$1)>0,"X","") -> X | C2: =IF(COUNTIFS(TRAZABILIDAD!$A:$A,$A2,TRAZABILIDAD!$B:$B,C$1)>0,"X","") -> X | D2: =IF(COUNTIFS(TRAZABILIDAD!$A:$A,$A2,TRAZABILIDAD!$B:$B,D$1)>0,"X","") -> X | E2: =IF(COUNTIFS(TRAZABILIDAD!$A:$A,$A2,TRAZABILIDAD!$B:$B,E$1)>0,"X","") -> X | F2: =IF(COUNTIFS(TRAZABILIDAD!$A:$A,$A2,TRAZABILIDAD!$B:$B,F$1)>0,"X","") -> X | G2: =IF(COUNTIFS(TRAZABILIDAD!$A:$A,$A2,TRAZABILIDAD!$B:$B,G$1)>0,"X","") | H2: =IF(COUNTIFS(TRAZABILIDAD!$A:$A,$A2,TRAZABILIDAD!$B:$B,H$1)>0,"X","") | I2: =IF(COUNTIFS(TRAZABILIDAD!$A:$A,$A2,TRAZABILIDAD!$B:$B,I$1)>0,"X","") | ... U2: =IF(COUNTIFS(TRAZABILIDAD!$A:$A,$A2,TRAZABILIDAD!$B:$B,U$1)>0,"X","")
A3: =UR!A3 -> UR-02 | B3: =IF(COUNTIFS(TRAZABILIDAD!$A:$A,$A3,TRAZABILIDAD!$B:$B,B$1)>0,"X","") | C3: =IF(COUNTIFS(TRAZABILIDAD!$A:$A,$A3,TRAZABILIDAD!$B:$B,C$1)>0,"X","") | D3: =IF(COUNTIFS(TRAZABILIDAD!$A:$A,$A3,TRAZABILIDAD!$B:$B,D$1)>0,"X","") | E3: =IF(COUNTIFS(TRAZABILIDAD!$A:$A,$A3,TRAZABILIDAD!$B:$B,E$1)>0,"X","") | F3: =IF(COUNTIFS(TRAZABILIDAD!$A:$A,$A3,TRAZABILIDAD!$B:$B,F$1)>0,"X","") | G3: =IF(COUNTIFS(TRAZABILIDAD!$A:$A,$A3,TRAZABILIDAD!$B:$B,G$1)>0,"X","") | H3: =IF(COUNTIFS(TRAZABILIDAD!$A:$A,$A3,TRAZABILIDAD!$B:$B,H$1)>0,"X","") | I3: =IF(COUNTIFS(TRAZABILIDAD!$A:$A,$A3,TRAZABILIDAD!$B:$B,I$1)>0,"X","") | ... U3: =IF(COUNTIFS(TRAZABILIDAD!$A:$A,$A3,TRAZABILIDAD!$B:$B,U$1)>0,"X","")
A4: =UR!A4 -> UR-03 | B4: =IF(COUNTIFS(TRAZABILIDAD!$A:$A,$A4,TRAZABILIDAD!$B:$B,B$1)>0,"X","") | C4: =IF(COUNTIFS(TRAZABILIDAD!$A:$A,$A4,TRAZABILIDAD!$B:$B,C$1)>0,"X","") -> X | D4: =IF(COUNTIFS(TRAZABILIDAD!$A:$A,$A4,TRAZABILIDAD!$B:$B,D$1)>0,"X","") | E4: =IF(COUNTIFS(TRAZABILIDAD!$A:$A,$A4,TRAZABILIDAD!$B:$B,E$1)>0,"X","") | F4: =IF(COUNTIFS(TRAZABILIDAD!$A:$A,$A4,TRAZABILIDAD!$B:$B,F$1)>0,"X","") -> X | G4: =IF(COUNTIFS(TRAZABILIDAD!$A:$A,$A4,TRAZABILIDAD!$B:$B,G$1)>0,"X","") | H4: =IF(COUNTIFS(TRAZABILIDAD!$A:$A,$A4,TRAZABILIDAD!$B:$B,H$1)>0,"X","") | I4: =IF(COUNTIFS(TRAZABILIDAD!$A:$A,$A4,TRAZABILIDAD!$B:$B,I$1)>0,"X","") | ... U4: =IF(COUNTIFS(TRAZABILIDAD!$A:$A,$A4,TRAZABILIDAD!$B:$B,U$1)>0,"X","")
A5: =UR!A5 -> UR-04 | B5: =IF(COUNTIFS(TRAZABILIDAD!$A:$A,$A5,TRAZABILIDAD!$B:$B,B$1)>0,"X","") | C5: =IF(COUNTIFS(TRAZABILIDAD!$A:$A,$A5,TRAZABILIDAD!$B:$B,C$1)>0,"X","") | D5: =IF(COUNTIFS(TRAZABILIDAD!$A:$A,$A5,TRAZABILIDAD!$B:$B,D$1)>0,"X","") | E5: =IF(COUNTIFS(TRAZABILIDAD!$A:$A,$A5,TRAZABILIDAD!$B:$B,E$1)>0,"X","") | F5: =IF(COUNTIFS(TRAZABILIDAD!$A:$A,$A5,TRAZABILIDAD!$B:$B,F$1)>0,"X","") -> X | G5: =IF(COUNTIFS(TRAZABILIDAD!$A:$A,$A5,TRAZABILIDAD!$B:$B,G$1)>0,"X","") -> X | H5: =IF(COUNTIFS(TRAZABILIDAD!$A:$A,$A5,TRAZABILIDAD!$B:$B,H$1)>0,"X","") | I5: =IF(COUNTIFS(TRAZABILIDAD!$A:$A,$A5,TRAZABILIDAD!$B:$B,I$1)>0,"X","") | ... U5: =IF(COUNTIFS(TRAZABILIDAD!$A:$A,$A5,TRAZABILIDAD!$B:$B,U$1)>0,"X","")
A6: =UR!A6 -> UR-05 | B6: =IF(COUNTIFS(TRAZABILIDAD!$A:$A,$A6,TRAZABILIDAD!$B:$B,B$1)>0,"X","") -> X | C6: =IF(COUNTIFS(TRAZABILIDAD!$A:$A,$A6,TRAZABILIDAD!$B:$B,C$1)>0,"X","") | D6: =IF(COUNTIFS(TRAZABILIDAD!$A:$A,$A6,TRAZABILIDAD!$B:$B,D$1)>0,"X","") | E6: =IF(COUNTIFS(TRAZABILIDAD!$A:$A,$A6,TRAZABILIDAD!$B:$B,E$1)>0,"X","") | F6: =IF(COUNTIFS(TRAZABILIDAD!$A:$A,$A6,TRAZABILIDAD!$B:$B,F$1)>0,"X","") | G6: =IF(COUNTIFS(TRAZABILIDAD!$A:$A,$A6,TRAZABILIDAD!$B:$B,G$1)>0,"X","") -> X | H6: =IF(COUNTIFS(TRAZABILIDAD!$A:$A,$A6,TRAZABILIDAD!$B:$B,H$1)>0,"X","") -> X | I6: =IF(COUNTIFS(TRAZABILIDAD!$A:$A,$A6,TRAZABILIDAD!$B:$B,I$1)>0,"X","") | ... U6: =IF(COUNTIFS(TRAZABILIDAD!$A:$A,$A6,TRAZABILIDAD!$B:$B,U$1)>0,"X","")
A7: =UR!A7 -> UR-06 | B7: =IF(COUNTIFS(TRAZABILIDAD!$A:$A,$A7,TRAZABILIDAD!$B:$B,B$1)>0,"X","") | C7: =IF(COUNTIFS(TRAZABILIDAD!$A:$A,$A7,TRAZABILIDAD!$B:$B,C$1)>0,"X","") -> X | D7: =IF(COUNTIFS(TRAZABILIDAD!$A:$A,$A7,TRAZABILIDAD!$B:$B,D$1)>0,"X","") -> X | E7: =IF(COUNTIFS(TRAZABILIDAD!$A:$A,$A7,TRAZABILIDAD!$B:$B,E$1)>0,"X","") -> X | F7: =IF(COUNTIFS(TRAZABILIDAD!$A:$A,$A7,TRAZABILIDAD!$B:$B,F$1)>0,"X","") | G7: =IF(COUNTIFS(TRAZABILIDAD!$A:$A,$A7,TRAZABILIDAD!$B:$B,G$1)>0,"X","") | H7: =IF(COUNTIFS(TRAZABILIDAD!$A:$A,$A7,TRAZABILIDAD!$B:$B,H$1)>0,"X","") | I7: =IF(COUNTIFS(TRAZABILIDAD!$A:$A,$A7,TRAZABILIDAD!$B:$B,I$1)>0,"X","") | ... U7: =IF(COUNTIFS(TRAZABILIDAD!$A:$A,$A7,TRAZABILIDAD!$B:$B,U$1)>0,"X","")
A8: =UR!A8 -> UR-07 | B8: =IF(COUNTIFS(TRAZABILIDAD!$A:$A,$A8,TRAZABILIDAD!$B:$B,B$1)>0,"X","") | C8: =IF(COUNTIFS(TRAZABILIDAD!$A:$A,$A8,TRAZABILIDAD!$B:$B,C$1)>0,"X","") -> X | D8: =IF(COUNTIFS(TRAZABILIDAD!$A:$A,$A8,TRAZABILIDAD!$B:$B,D$1)>0,"X","") | E8: =IF(COUNTIFS(TRAZABILIDAD!$A:$A,$A8,TRAZABILIDAD!$B:$B,E$1)>0,"X","") | F8: =IF(COUNTIFS(TRAZABILIDAD!$A:$A,$A8,TRAZABILIDAD!$B:$B,F$1)>0,"X","") | G8: =IF(COUNTIFS(TRAZABILIDAD!$A:$A,$A8,TRAZABILIDAD!$B:$B,G$1)>0,"X","") | H8: =IF(COUNTIFS(TRAZABILIDAD!$A:$A,$A8,TRAZABILIDAD!$B:$B,H$1)>0,"X","") | I8: =IF(COUNTIFS(TRAZABILIDAD!$A:$A,$A8,TRAZABILIDAD!$B:$B,I$1)>0,"X","") | ... U8: =IF(COUNTIFS(TRAZABILIDAD!$A:$A,$A8,TRAZABILIDAD!$B:$B,U$1)>0,"X","")
A9: =UR!A9 -> UR-08 | B9: =IF(COUNTIFS(TRAZABILIDAD!$A:$A,$A9,TRAZABILIDAD!$B:$B,B$1)>0,"X","") | C9: =IF(COUNTIFS(TRAZABILIDAD!$A:$A,$A9,TRAZABILIDAD!$B:$B,C$1)>0,"X","") | D9: =IF(COUNTIFS(TRAZABILIDAD!$A:$A,$A9,TRAZABILIDAD!$B:$B,D$1)>0,"X","") | E9: =IF(COUNTIFS(TRAZABILIDAD!$A:$A,$A9,TRAZABILIDAD!$B:$B,E$1)>0,"X","") | F9: =IF(COUNTIFS(TRAZABILIDAD!$A:$A,$A9,TRAZABILIDAD!$B:$B,F$1)>0,"X","") | G9: =IF(COUNTIFS(TRAZABILIDAD!$A:$A,$A9,TRAZABILIDAD!$B:$B,G$1)>0,"X","") | H9: =IF(COUNTIFS(TRAZABILIDAD!$A:$A,$A9,TRAZABILIDAD!$B:$B,H$1)>0,"X","") | I9: =IF(COUNTIFS(TRAZABILIDAD!$A:$A,$A9,TRAZABILIDAD!$B:$B,I$1)>0,"X","") | ... U9: =IF(COUNTIFS(TRAZABILIDAD!$A:$A,$A9,TRAZABILIDAD!$B:$B,U$1)>0,"X","")
A10: =UR!A10 -> UR-09 | B10: =IF(COUNTIFS(TRAZABILIDAD!$A:$A,$A10,TRAZABILIDAD!$B:$B,B$1)>0,"X","") | C10: =IF(COUNTIFS(TRAZABILIDAD!$A:$A,$A10,TRAZABILIDAD!$B:$B,C$1)>0,"X","") | D10: =IF(COUNTIFS(TRAZABILIDAD!$A:$A,$A10,TRAZABILIDAD!$B:$B,D$1)>0,"X","") | E10: =IF(COUNTIFS(TRAZABILIDAD!$A:$A,$A10,TRAZABILIDAD!$B:$B,E$1)>0,"X","") | F10: =IF(COUNTIFS(TRAZABILIDAD!$A:$A,$A10,TRAZABILIDAD!$B:$B,F$1)>0,"X","") | G10: =IF(COUNTIFS(TRAZABILIDAD!$A:$A,$A10,TRAZABILIDAD!$B:$B,G$1)>0,"X","") | H10: =IF(COUNTIFS(TRAZABILIDAD!$A:$A,$A10,TRAZABILIDAD!$B:$B,H$1)>0,"X","") | I10: =IF(COUNTIFS(TRAZABILIDAD!$A:$A,$A10,TRAZABILIDAD!$B:$B,I$1)>0,"X","") | ... U10: =IF(COUNTIFS(TRAZABILIDAD!$A:$A,$A10,TRAZABILIDAD!$B:$B,U$1)>0,"X","")
A11: =UR!A11 -> UR-10 | B11: =IF(COUNTIFS(TRAZABILIDAD!$A:$A,$A11,TRAZABILIDAD!$B:$B,B$1)>0,"X","") | C11: =IF(COUNTIFS(TRAZABILIDAD!$A:$A,$A11,TRAZABILIDAD!$B:$B,C$1)>0,"X","") | D11: =IF(COUNTIFS(TRAZABILIDAD!$A:$A,$A11,TRAZABILIDAD!$B:$B,D$1)>0,"X","") | E11: =IF(COUNTIFS(TRAZABILIDAD!$A:$A,$A11,TRAZABILIDAD!$B:$B,E$1)>0,"X","") | F11: =IF(COUNTIFS(TRAZABILIDAD!$A:$A,$A11,TRAZABILIDAD!$B:$B,F$1)>0,"X","") | G11: =IF(COUNTIFS(TRAZABILIDAD!$A:$A,$A11,TRAZABILIDAD!$B:$B,G$1)>0,"X","") | H11: =IF(COUNTIFS(TRAZABILIDAD!$A:$A,$A11,TRAZABILIDAD!$B:$B,H$1)>0,"X","") | I11: =IF(COUNTIFS(TRAZABILIDAD!$A:$A,$A11,TRAZABILIDAD!$B:$B,I$1)>0,"X","") | ... U11: =IF(COUNTIFS(TRAZABILIDAD!$A:$A,$A11,TRAZABILIDAD!$B:$B,U$1)>0,"X","")
A12: =UR!A12 -> UR-11 | B12: =IF(COUNTIFS(TRAZABILIDAD!$A:$A,$A12,TRAZABILIDAD!$B:$B,B$1)>0,"X","") | C12: =IF(COUNTIFS(TRAZABILIDAD!$A:$A,$A12,TRAZABILIDAD!$B:$B,C$1)>0,"X","") | D12: =IF(COUNTIFS(TRAZABILIDAD!$A:$A,$A12,TRAZABILIDAD!$B:$B,D$1)>0,"X","") | E12: =IF(COUNTIFS(TRAZABILIDAD!$A:$A,$A12,TRAZABILIDAD!$B:$B,E$1)>0,"X","") | F12: =IF(COUNTIFS(TRAZABILIDAD!$A:$A,$A12,TRAZABILIDAD!$B:$B,F$1)>0,"X","") | G12: =IF(COUNTIFS(TRAZABILIDAD!$A:$A,$A12,TRAZABILIDAD!$B:$B,G$1)>0,"X","") | H12: =IF(COUNTIFS(TRAZABILIDAD!$A:$A,$A12,TRAZABILIDAD!$B:$B,H$1)>0,"X","") | I12: =IF(COUNTIFS(TRAZABILIDAD!$A:$A,$A12,TRAZABILIDAD!$B:$B,I$1)>0,"X","") | ... U12: =IF(COUNTIFS(TRAZABILIDAD!$A:$A,$A12,TRAZABILIDAD!$B:$B,U$1)>0,"X","")
A13: =UR!A13 -> UR-12 | B13: =IF(COUNTIFS(TRAZABILIDAD!$A:$A,$A13,TRAZABILIDAD!$B:$B,B$1)>0,"X","") | C13: =IF(COUNTIFS(TRAZABILIDAD!$A:$A,$A13,TRAZABILIDAD!$B:$B,C$1)>0,"X","") | D13: =IF(COUNTIFS(TRAZABILIDAD!$A:$A,$A13,TRAZABILIDAD!$B:$B,D$1)>0,"X","") | E13: =IF(COUNTIFS(TRAZABILIDAD!$A:$A,$A13,TRAZABILIDAD!$B:$B,E$1)>0,"X","") | F13: =IF(COUNTIFS(TRAZABILIDAD!$A:$A,$A13,TRAZABILIDAD!$B:$B,F$1)>0,"X","") | G13: =IF(COUNTIFS(TRAZABILIDAD!$A:$A,$A13,TRAZABILIDAD!$B:$B,G$1)>0,"X","") -> X | H13: =IF(COUNTIFS(TRAZABILIDAD!$A:$A,$A13,TRAZABILIDAD!$B:$B,H$1)>0,"X","") | I13: =IF(COUNTIFS(TRAZABILIDAD!$A:$A,$A13,TRAZABILIDAD!$B:$B,I$1)>0,"X","") -> X | ... U13: =IF(COUNTIFS(TRAZABILIDAD!$A:$A,$A13,TRAZABILIDAD!$B:$B,U$1)>0,"X","")
... A15: =UR!A15 -> UR-14 | B15: =IF(COUNTIFS(TRAZABILIDAD!$A:$A,$A15,TRAZABILIDAD!$B:$B,B$1)>0,"X","") | C15: =IF(COUNTIFS(TRAZABILIDAD!$A:$A,$A15,TRAZABILIDAD!$B:$B,C$1)>0,"X","") | D15: =IF(COUNTIFS(TRAZABILIDAD!$A:$A,$A15,TRAZABILIDAD!$B:$B,D$1)>0,"X","") | E15: =IF(COUNTIFS(TRAZABILIDAD!$A:$A,$A15,TRAZABILIDAD!$B:$B,E$1)>0,"X","") | F15: =IF(COUNTIFS(TRAZABILIDAD!$A:$A,$A15,TRAZABILIDAD!$B:$B,F$1)>0,"X","") | G15: =IF(COUNTIFS(TRAZABILIDAD!$A:$A,$A15,TRAZABILIDAD!$B:$B,G$1)>0,"X","") | H15: =IF(COUNTIFS(TRAZABILIDAD!$A:$A,$A15,TRAZABILIDAD!$B:$B,H$1)>0,"X","") | I15: =IF(COUNTIFS(TRAZABILIDAD!$A:$A,$A15,TRAZABILIDAD!$B:$B,I$1)>0,"X","") | ... U15: =IF(COUNTIFS(TRAZABILIDAD!$A:$A,$A15,TRAZABILIDAD!$B:$B,U$1)>0,"X","") -> X
