Workbook

Sheet UR
A1: ID | B1: Versión | C1: Descripción del Requerimiento | D1: Prioridad | E1: Riesgo | F1: Dificultad | G1: Tipo | H1: Estado
A2: UR-01 | B2: 1.0 | C2: El sistema debe proveer un servicio Store & Forward satelital para transmisión de datos. | G2: Funcional | H2: Propuesto
A3: UR-02 | B3: 1.0 | C3: El sistema debe integrarse de forma genérica en un satélite CubeSat clase 12U en órbita LEO. | G3: Técnico | H3: Propuesto
A4: UR-03 | B4: 1.0 | C4: El sistema debe cubrir el territorio chileno continental, zonas extremas, territorio insular y territorio antártico. | G4: Funcional | H4: Propuesto
A5: UR-04 | B5: 1.0 | C5: El sistema debe ser capaz de almacenar y reenviar datos a estaciones terrenas. | G5: Funcional | H5: Propuesto
A6: UR-05 | B6: 1.0 | C6: El sistema debe permitir una comunicación bidireccional con estaciones terrenas. | G6: Funcional | H6: Propuesto
A7: UR-06 | B7: 1.0 | C7: El sistema debe ser compatible con estaciones meteorológicas y sismológicas remotas existentes. | G7: Funcional | H7: Propuesto
A8: UR-07 | B8: 1.0 | C8: El sistema debe ser de carácter experimental, con proyección a futuras aplicaciones comerciales. | G8: Técnico | H8: Propuesto
A9: UR-08 | B9: 1.0 | C9: El sistema debe presentar una arquitectura modular, reutilizable y escalable. | G9: Técnico | H9: Propuesto
A10: UR-09 | B10: 1.0 | C10: El sistema debe garantizar la integridad de los datos almacenados a bordo. | G10: Funcional | H10: Propuesto
A11: UR-10 | B11: 1.0 | C11: El sistema debe operar de forma sostenida durante la vida útil del satélite. | G11: Técnico | H11: Propuesto
A12: UR-11 | B12: 1.0 | C12: El sistema debe ser validado mediante pruebas funcionales en tierra y demostración en órbita. | G12: Regulatorio/Logístico | H12: Propuesto
A13: UR-12 | B13: 1.0 | C13: El sistema debe utilizar componentes de bajo costo, tales como componentes COTS. | G13: Regulatorio/Logístico | H13: Propuesto

Sheet SR
A1: ID | B1: Versión | C1: Descripción del Requerimiento | D1: Prioridad | E1: Riesgo | F1: Dificultad | G1: Tipo | H1: Estado
A2: SR-01 | B2: 1.0 | C2: El sistema debe implementar recepción, almacenamiento no volátil y reenvío de datos. | G2: Funcional | H2: Propuesto
A3: SR-02 | B3: 1.0 | C3: El sistema debe transmitir en una banda permitida por la SUBTEL e ITU. (Banda S) | G3: Regulatorio/Logístico | H3: Propuesto
A4: SR-03 | B4: 1.0 | C4: El sistema debe soportar comunicación half-duplex o full-duplex con estaciones terrenas. | G4: Funcional | H4: Propuesto
A5: SR-04 | B5: 1.0 | C5: El sistema debe utilizar modulación digital robusta (BPSK o QPSK) con una tasa de transmisión acorde al formato de datos. | G5: Técnico | H5: Propuesto
A6: SR-05 | B6: 1.0 | C6: El sistema debe sobrescribir datos antiguos al alcanzar capacidad máxima. | G6: Funcional | H6: Propuesto
A7: SR-06 | B7: 1.0 | C7: El sistema debe comunicarse con el OBC mediante una única interfaz (I2C) y reportar su estado periodicamente. | G7: Funcional | H7: Propuesto
A8: SR-07 | B8: 1.0 | C8: El sistema debe recibir en una banda ancha en el espectro UHF. (430, 868, 928, 1620 MHz) | G8: Funcional | H8: Propuesto
A9: SR-08 | B9: 1.0 | C9: El sistema debe consumir un máximo de 10 W en operación nominal. | G9: Técnico | H9: Propuesto
A10: SR-09 | B10: 1.0 | C10: El sistema debe escuchar activamente y transmitir cuando el OBC lo ordene. (SDR) | G10: Funcional | H10: Propuesto
A11: SR-10 | B11: 1.0 | C11: El sistema debe ser resiliente a EMI y estar encapsulado en una jaula de Faraday. | G11: Técnico | H11: Propuesto
A12: SR-11 | B12: 1.0 | C12: El sistema debe implementar mecanismos de integridad de datos y control de acceso. | G12: Técnico | H12: Propuesto
A13: SR-12 | B13: 1.0 | C13: El sistema debe diseñarse de forma modular, escalable y su firmware debe ser actualizable. | G13: Técnico | H13: Propuesto
... A16: SR-15 | B16: 1.0 | C16: El sistema debe tener masa de 3 kg. | G16: Técnico | H16: Propuesto

Sheet TRAZABILIDAD
A1: ID UR | B1: ID SR | D1: Prioridad | E1: Riego | F1: Dificultad | G1: Tipos | H1: Estado
A2: UR-01 | B2: SR-01 | D2: Baja | E2: Bajo | F2: Baja | G2: Funcionales | H2: Propuesto
A3: UR-02 | B3: SR-14 | D3: Media | E3: Medio | F3: Media | G3: No funcionales | H3: En desarrollo
A4: UR-02 | B4: SR-08 | D4: Alta | E4: Alto | F4: Alta | G4: Proceso | H4: Pruebas
A5: UR-02 | B5: SR-10 | D5: ND | E5: ND | F5: ND | G5: Interfaz | H5: Terminado
A6: UR-02 | B6: SR-15
A7: UR-02 | B7: SR-06
A8: UR-03 | B8: SR-02
A9: UR-03 | B9: SR-07
A10: UR-04 | B10: SR-01
A11: UR-04 | B11: SR-04
A12: UR-04 | B12: SR-05
A13: UR-05 | B13: SR-03
A14: UR-06 | B14: SR-04
A15: UR-06 | B15: SR-07
A16: UR-07 | B16: SR-12
A17: UR-08 | B17: SR-12
... A25: UR-12 | B25: SR-12

Sheet MT
B1: {=TRANSPOSE(Tabla_SR[ID])} -> SR-01 | C1: SR-02 | D1: SR-03 | E1: SR-04 | F1: SR-05 | G1: SR-06 | H1: SR-07 | I1: SR-08 | J1: SR-09 | K1: SR-10 | L1: SR-11 | M1: SR-12 | N1: SR-13 | O1: SR-14 | P1: SR-15 | Q1: Cobertura
A2: {=Tabla_UR[ID]} -> UR-01 | B2: =IF(COUNTIFS(TRAZABILIDAD!$A:$A,$A2,TRAZABILIDAD!$B:$B,B$1)>0,"X","") -> X | C2: =IF(COUNTIFS(TRAZABILIDAD!$A:$A,$A2,TRAZABILIDAD!$B:$B,C$1)>0,"X","") | D2: =IF(COUNTIFS(TRAZABILIDAD!$A:$A,$A2,TRAZABILIDAD!$B:$B,D$1)>0,"X","") | E2: =IF(COUNTIFS(TRAZABILIDAD!$A:$A,$A2,TRAZABILIDAD!$B:$B,E$1)>0,"X","") | F2: =IF(COUNTIFS(TRAZABILIDAD!$A:$A,$A2,TRAZABILIDAD!$B:$B,F$1)>0,"X","") | G2: =IF(COUNTIFS(TRAZABILIDAD!$A:$A,$A2,TRAZABILIDAD!$B:$B,G$1)>0,"X","") | H2: =IF(COUNTIFS(TRAZABILIDAD!$A:$A,$A2,TRAZABILIDAD!$B:$B,H$1)>0,"X","") | I2: =IF(COUNTIFS(TRAZABILIDAD!$A:$A,$A2,TRAZABILIDAD!$B:$B,I$1)>0,"X","") | ... P2: =IF(COUNTIFS(TRAZABILIDAD!$A:$A,$A2,TRAZABILIDAD!$B:$B,P$1)>0,"X","") | Q2: =IF(COUNTIF(B2:P2,"X")=0,"No cubierto","Cubierto") -> Cubierto | V2: {=Tabla_UR[ID]} -> UR-01 | W2: {=Tabla_UR[Descripción del Requerimiento]} -> El sistema debe proveer un servicio Store & Forward satelital para transmisión de datos.
A3: UR-02 | B3: =IF(COUNTIFS(TRAZABILIDAD!$A:$A,$A3,TRAZABILIDAD!$B:$B,B$1)>0,"X","") | C3: =IF(COUNTIFS(TRAZABILIDAD!$A:$A,$A3,TRAZABILIDAD!$B:$B,C$1)>0,"X","") | D3: =IF(COUNTIFS(TRAZABILIDAD!$A:$A,$A3,TRAZABILIDAD!$B:$B,D$1)>0,"X","") | E3: =IF(COUNTIFS(TRAZABILIDAD!$A:$A,$A3,TRAZABILIDAD!$B:$B,E$1)>0,"X","") | F3: =IF(COUNTIFS(TRAZABILIDAD!$A:$A,$A3,TRAZABILIDAD!$B:$B,F$1)>0,"X","") | G3: =IF(COUNTIFS(TRAZABILIDAD!$A:$A,$A3,TRAZABILIDAD!$B:$B,G$1)>0,"X","") -> X | H3: =IF(COUNTIFS(TRAZABILIDAD!$A:$A,$A3,TRAZABILIDAD!$B:$B,H$1)>0,"X","") | I3: =IF(COUNTIFS(TRAZABILIDAD!$A:$A,$A3,TRAZABILIDAD!$B:$B,I$1)>0,"X","") -> X | ... P3: =IF(COUNTIFS(TRAZABILIDAD!$A:$A,$A3,TRAZABILIDAD!$B:$B,P$1)>0,"X","") -> X | Q3: =IF(COUNTIF(B3:P3,"X")=0,"No cubierto","Cubierto") -> Cubierto | V3: UR-02 | W3: El sistema debe integrarse de forma genérica en un satélite CubeSat clase 12U en órbita LEO.
A4: UR-03 | B4: =IF(COUNTIFS(TRAZABILIDAD!$A:$A,$A4,TRAZABILIDAD!$B:$B,B$1)>0,"X","") | C4: =IF(COUNTIFS(TRAZABILIDAD!$A:$A,$A4,TRAZABILIDAD!$B:$B,C$1)>0,"X","") -> X | D4: =IF(COUNTIFS(TRAZABILIDAD!$A:$A,$A4,TRAZABILIDAD!$B:$B,D$1)>0,"X","") | E4: =IF(COUNTIFS(TRAZABILIDAD!$A:$A,$A4,TRAZABILIDAD!$B:$B,E$1)>0,"X","") | F4: =IF(COUNTIFS(TRAZABILIDAD!$A:$A,$A4,TRAZABILIDAD!$B:$B,F$1)>0,"X","") | G4: =IF(COUNTIFS(TRAZABILIDAD!$A:$A,$A4,TRAZABILIDAD!$B:$B,G$1)>0,"X","") | H4: =IF(COUNTIFS(TRAZABILIDAD!$A:$A,$A4,TRAZABILIDAD!$B:$B,H$1)>0,"X","") -> X | I4: =IF(COUNTIFS(TRAZABILIDAD!$A:$A,$A4,TRAZABILIDAD!$B:$B,I$1)>0,"X","") | ... P4: =IF(COUNTIFS(TRAZABILIDAD!$A:$A,$A4,TRAZABILIDAD!$B:$B,P$1)>0,"X","") | Q4: =IF(COUNTIF(B4:P4,"X")=0,"No cubierto","Cubierto") -> Cubierto | V4: UR-03 | W4: El sistema debe cubrir el territorio chileno continental, zonas extremas, territorio insular y territorio antártico.
A5: UR-04 | B5: =IF(COUNTIFS(TRAZABILIDAD!$A:$A,$A5,TRAZABILIDAD!$B:$B,B$1)>0,"X","") -> X | C5: =IF(COUNTIFS(TRAZABILIDAD!$A:$A,$A5,TRAZABILIDAD!$B:$B,C$1)>0,"X","") | D5: =IF(COUNTIFS(TRAZABILIDAD!$A:$A,$A5,TRAZABILIDAD!$B:$B,D$1)>0,"X","") | E5: =IF(COUNTIFS(TRAZABILIDAD!$A:$A,$A5,TRAZABILIDAD!$B:$B,E$1)>0,"X","") -> X | F5: =IF(COUNTIFS(TRAZABILIDAD!$A:$A,$A5,TRAZABILIDAD!$B:$B,F$1)>0,"X","") -> X | G5: =IF(COUNTIFS(TRAZABILIDAD!$A:$A,$A5,TRAZABILIDAD!$B:$B,G$1)>0,"X","") | H5: =IF(COUNTIFS(TRAZABILIDAD!$A:$A,$A5,TRAZABILIDAD!$B:$B,H$1)>0,"X","") | I5: =IF(COUNTIFS(TRAZABILIDAD!$A:$A,$A5,TRAZABILIDAD!$B:$B,I$1)>0,"X","") | ... P5: =IF(COUNTIFS(TRAZABILIDAD!$A:$A,$A5,TRAZABILIDAD!$B:$B,P$1)>0,"X","") | Q5: =IF(COUNTIF(B5:P5,"X")=0,"No cubierto","Cubierto") -> Cubierto | V5: UR-04 | W5: El sistema debe ser capaz de almacenar y reenviar datos a estaciones terrenas.
A6: UR-05 | B6: =IF(COUNTIFS(TRAZABILIDAD!$A:$A,$A6,TRAZABILIDAD!$B:$B,B$1)>0,"X","") | C6: =IF(COUNTIFS(TRAZABILIDAD!$A:$A,$A6,TRAZABILIDAD!$B:$B,C$1)>0,"X","") | D6: =IF(COUNTIFS(TRAZABILIDAD!$A:$A,$A6,TRAZABILIDAD!$B:$B,D$1)>0,"X","") -> X | E6: =IF(COUNTIFS(TRAZABILIDAD!$A:$A,$A6,TRAZABILIDAD!$B:$B,E$1)>0,"X","") | F6: =IF(COUNTIFS(TRAZABILIDAD!$A:$A,$A6,TRAZABILIDAD!$B:$B,F$1)>0,"X","") | G6: =IF(COUNTIFS(TRAZABILIDAD!$A:$A,$A6,TRAZABILIDAD!$B:$B,G$1)>0,"X","") | H6: =IF(COUNTIFS(TRAZABILIDAD!$A:$A,$A6,TRAZABILIDAD!$B:$B,H$1)>0,"X","") | I6: =IF(COUNTIFS(TRAZABILIDAD!$A:$A,$A6,TRAZABILIDAD!$B:$B,I$1)>0,"X","") | ... P6: =IF(COUNTIFS(TRAZABILIDAD!$A:$A,$A6,TRAZABILIDAD!$B:$B,P$1)>0,"X","") | Q6: =IF(COUNTIF(B6:P6,"X")=0,"No cubierto","Cubierto") -> Cubierto | V6: UR-05 | W6: El sistema debe permitir una comunicación bidireccional con estaciones terrenas.
A7: UR-06 | B7: =IF(COUNTIFS(TRAZABILIDAD!$A:$A,$A7,TRAZABILIDAD!$B:$B,B$1)>0,"X","") | C7: =IF(COUNTIFS(TRAZABILIDAD!$A:$A,$A7,TRAZABILIDAD!$B:$B,C$1)>0,"X","") | D7: =IF(COUNTIFS(TRAZABILIDAD!$A:$A,$A7,TRAZABILIDAD!$B:$B,D$1)>0,"X","") | E7: =IF(COUNTIFS(TRAZABILIDAD!$A:$A,$A7,TRAZABILIDAD!$B:$B,E$1)>0,"X","") -> X | F7: =IF(COUNTIFS(TRAZABILIDAD!$A:$A,$A7,TRAZABILIDAD!$B:$B,F$1)>0,"X","") | G7: =IF(COUNTIFS(TRAZABILIDAD!$A:$A,$A7,TRAZABILIDAD!$B:$B,G$1)>0,"X","") | H7: =IF(COUNTIFS(TRAZABILIDAD!$A:$A,$A7,TRAZABILIDAD!$B:$B,H$1)>0,"X","") -> X | I7: =IF(COUNTIFS(TRAZABILIDAD!$A:$A,$A7,TRAZABILIDAD!$B:$B,I$1)>0,"X","") | ... P7: =IF(COUNTIFS(TRAZABILIDAD!$A:$A,$A7,TRAZABILIDAD!$B:$B,P$1)>0,"X","") | Q7: =IF(COUNTIF(B7:P7,"X")=0,"No cubierto","Cubierto") -> Cubierto | V7: UR-06 | W7: El sistema debe ser compatible con estaciones meteorológicas y sismológicas remotas existentes.
A8: UR-07 | B8: =IF(COUNTIFS(TRAZABILIDAD!$A:$A,$A8,TRAZABILIDAD!$B:$B,B$1)>0,"X","") | C8: =IF(COUNTIFS(TRAZABILIDAD!$A:$A,$A8,TRAZABILIDAD!$B:$B,C$1)>0,"X","") | D8: =IF(COUNTIFS(TRAZABILIDAD!$A:$A,$A8,TRAZABILIDAD!$B:$B,D$1)>0,"X","") | E8: =IF(COUNTIFS(TRAZABILIDAD!$A:$A,$A8,TRAZABILIDAD!$B:$B,E$1)>0,"X","") | F8: =IF(COUNTIFS(TRAZABILIDAD!$A:$A,$A8,TRAZABILIDAD!$B:$B,F$1)>0,"X","") | G8: =IF(COUNTIFS(TRAZABILIDAD!$A:$A,$A8,TRAZABILIDAD!$B:$B,G$1)>0,"X","") | H8: =IF(COUNTIFS(TRAZABILIDAD!$A:$A,$A8,TRAZABILIDAD!$B:$B,H$1)>0,"X","") | I8: =IF(COUNTIFS(TRAZABILIDAD!$A:$A,$A8,TRAZABILIDAD!$B:$B,I$1)>0,"X","") | ... P8: =IF(COUNTIFS(TRAZABILIDAD!$A:$A,$A8,TRAZABILIDAD!$B:$B,P$1)>0,"X","") | Q8: =IF(COUNTIF(B8:P8,"X")=0,"No cubierto","Cubierto") -> Cubierto | V8: UR-07 | W8: El sistema debe ser de carácter experimental, con proyección a futuras aplicaciones comerciales.
A9: UR-08 | B9: =IF(COUNTIFS(TRAZABILIDAD!$A:$A,$A9,TRAZABILIDAD!$B:$B,B$1)>0,"X","") | C9: =IF(COUNTIFS(TRAZABILIDAD!$A:$A,$A9,TRAZABILIDAD!$B:$B,C$1)>0,"X","") | D9: =IF(COUNTIFS(TRAZABILIDAD!$A:$A,$A9,TRAZABILIDAD!$B:$B,D$1)>0,"X","") | E9: =IF(COUNTIFS(TRAZABILIDAD!$A:$A,$A9,TRAZABILIDAD!$B:$B,E$1)>0,"X","") | F9: =IF(COUNTIFS(TRAZABILIDAD!$A:$A,$A9,TRAZABILIDAD!$B:$B,F$1)>0,"X","") | G9: =IF(COUNTIFS(TRAZABILIDAD!$A:$A,$A9,TRAZABILIDAD!$B:$B,G$1)>0,"X","") | H9: =IF(COUNTIFS(TRAZABILIDAD!$A:$A,$A9,TRAZABILIDAD!$B:$B,H$1)>0,"X","") | I9: =IF(COUNTIFS(TRAZABILIDAD!$A:$A,$A9,TRAZABILIDAD!$B:$B,I$1)>0,"X","") | ... P9: =IF(COUNTIFS(TRAZABILIDAD!$A:$A,$A9,TRAZABILIDAD!$B:$B,P$1)>0,"X","") | Q9: =IF(COUNTIF(B9:P9,"X")=0,"No cubierto","Cubierto") -> Cubierto | V9: UR-08 | W9: El sistema debe presentar una arquitectura modular, reutilizable y escalable.
A10: UR-09 | B10: =IF(COUNTIFS(TRAZABILIDAD!$A:$A,$A10,TRAZABILIDAD!$B:$B,B$1)>0,"X","") -> X | C10: =IF(COUNTIFS(TRAZABILIDAD!$A:$A,$A10,TRAZABILIDAD!$B:$B,C$1)>0,"X","") | D10: =IF(COUNTIFS(TRAZABILIDAD!$A:$A,$A10,TRAZABILIDAD!$B:$B,D$1)>0,"X","") | E10: =IF(COUNTIFS(TRAZABILIDAD!$A:$A,$A10,TRAZABILIDAD!$B:$B,E$1)>0,"X","") | F10: =IF(COUNTIFS(TRAZABILIDAD!$A:$A,$A10,TRAZABILIDAD!$B:$B,F$1)>0,"X","") | G10: =IF(COUNTIFS(TRAZABILIDAD!$A:$A,$A10,TRAZABILIDAD!$B:$B,G$1)>0,"X","") | H10: =IF(COUNTIFS(TRAZABILIDAD!$A:$A,$A10,TRAZABILIDAD!$B:$B,H$1)>0,"X","") | I10: =IF(COUNTIFS(TRAZABILIDAD!$A:$A,$A10,TRAZABILIDAD!$B:$B,I$1)>0,"X","") | ... P10: =IF(COUNTIFS(TRAZABILIDAD!$A:$A,$A10,TRAZABILIDAD!$B:$B,P$1)>0,"X","") | Q10: =IF(COUNTIF(B10:P10,"X")=0,"No cubierto","Cubierto") -> Cubierto | V10: UR-09 | W10: El sistema debe garantizar la integridad de los datos almacenados a bordo.
A11: UR-10 | B11: =IF(COUNTIFS(TRAZABILIDAD!$A:$A,$A11,TRAZABILIDAD!$B:$B,B$1)>0,"X","") | C11: =IF(COUNTIFS(TRAZABILIDAD!$A:$A,$A11,TRAZABILIDAD!$B:$B,C$1)>0,"X","") | D11: =IF(COUNTIFS(TRAZABILIDAD!$A:$A,$A11,TRAZABILIDAD!$B:$B,D$1)>0,"X","") | E11: =IF(COUNTIFS(TRAZABILIDAD!$A:$A,$A11,TRAZABILIDAD!$B:$B,E$1)>0,"X","") | F11: =IF(COUNTIFS(TRAZABILIDAD!$A:$A,$A11,TRAZABILIDAD!$B:$B,F$1)>0,"X","") | G11: =IF(COUNTIFS(TRAZABILIDAD!$A:$A,$A11,TRAZABILIDAD!$B:$B,G$1)>0,"X","") | H11: =IF(COUNTIFS(TRAZABILIDAD!$A:$A,$A11,TRAZABILIDAD!$B:$B,H$1)>0,"X","") | I11: =IF(COUNTIFS(TRAZABILIDAD!$A:$A,$A11,TRAZABILIDAD!$B:$B,I$1)>0,"X","") -> X | ... P11: =IF(COUNTIFS(TRAZABILIDAD!$A:$A,$A11,TRAZABILIDAD!$B:$B,P$1)>0,"X","") | Q11: =IF(COUNTIF(B11:P11,"X")=0,"No cubierto","Cubierto") -> Cubierto | V11: UR-10 | W11: El sistema debe operar de forma sostenida durante la vida útil del satélite.
A12: UR-11 | B12: =IF(COUNTIFS(TRAZABILIDAD!$A:$A,$A12,TRAZABILIDAD!$B:$B,B$1)>0,"X","") | C12: =IF(COUNTIFS(TRAZABILIDAD!$A:$A,$A12,TRAZABILIDAD!$B:$B,C$1)>0,"X","") | D12: =IF(COUNTIFS(TRAZABILIDAD!$A:$A,$A12,TRAZABILIDAD!$B:$B,D$1)>0,"X","") | E12: =IF(COUNTIFS(TRAZABILIDAD!$A:$A,$A12,TRAZABILIDAD!$B:$B,E$1)>0,"X","") | F12: =IF(COUNTIFS(TRAZABILIDAD!$A:$A,$A12,TRAZABILIDAD!$B:$B,F$1)>0,"X","") | G12: =IF(COUNTIFS(TRAZABILIDAD!$A:$A,$A12,TRAZABILIDAD!$B:$B,G$1)>0,"X","") | H12: =IF(COUNTIFS(TRAZABILIDAD!$A:$A,$A12,TRAZABILIDAD!$B:$B,H$1)>0,"X","") | I12: =IF(COUNTIFS(TRAZABILIDAD!$A:$A,$A12,TRAZABILIDAD!$B:$B,I$1)>0,"X","") | ... P12: =IF(COUNTIFS(TRAZABILIDAD!$A:$A,$A12,TRAZABILIDAD!$B:$B,P$1)>0,"X","") | Q12: =IF(COUNTIF(B12:P12,"X")=0,"No cubierto","Cubierto") -> Cubierto | V12: UR-11 | W12: El sistema debe ser validado mediante pruebas funcionales en tierra y demostración en órbita.
A13: UR-12 | B13: =IF(COUNTIFS(TRAZABILIDAD!$A:$A,$A13,TRAZABILIDAD!$B:$B,B$1)>0,"X","") | C13: =IF(COUNTIFS(TRAZABILIDAD!$A:$A,$A13,TRAZABILIDAD!$B:$B,C$1)>0,"X","") | D13: =IF(COUNTIFS(TRAZABILIDAD!$A:$A,$A13,TRAZABILIDAD!$B:$B,D$1)>0,"X","") | E13: =IF(COUNTIFS(TRAZABILIDAD!$A:$A,$A13,TRAZABILIDAD!$B:$B,E$1)>0,"X","") | F13: =IF(COUNTIFS(TRAZABILIDAD!$A:$A,$A13,TRAZABILIDAD!$B:$B,F$1)>0,"X","") | G13: =IF(COUNTIFS(TRAZABILIDAD!$A:$A,$A13,TRAZABILIDAD!$B:$B,G$1)>0,"X","") | H13: =IF(COUNTIFS(TRAZABILIDAD!$A:$A,$A13,TRAZABILIDAD!$B:$B,H$1)>0,"X","") | I13: =IF(COUNTIFS(TRAZABILIDAD!$A:$A,$A13,TRAZABILIDAD!$B:$B,I$1)>0,"X","") | ... P13: =IF(COUNTIFS(TRAZABILIDAD!$A:$A,$A13,TRAZABILIDAD!$B:$B,P$1)>0,"X","") | Q13: =IF(COUNTIF(B13:P13,"X")=0,"No cubierto","Cubierto") -> Cubierto | V13: UR-12 | W13: El sistema debe utilizar componentes de bajo costo, tales como componentes COTS.
V18: {=Tabla_SR[ID]} -> SR-01 | W18: {=Tabla_SR[Descripción del Requerimiento]} -> El sistema debe implementar recepción, almacenamiento no volátil y reenvío de datos.
V19: SR-02 | W19: El sistema debe transmitir en una banda permitida por la SUBTEL e ITU. (Banda S)
V20: SR-03 | W20: El sistema debe soportar comunicación half-duplex o full-duplex con estaciones terrenas.
V21: SR-04 | W21: El sistema debe utilizar modulación digital robusta (BPSK o QPSK) con una tasa de transmisión acorde al formato de datos.
V22: SR-05 | W22: El sistema debe sobrescribir datos antiguos al alcanzar capacidad máxima.
V23: SR-06 | W23: El sistema debe comunicarse con el OBC mediante una única interfaz (I2C) y reportar su estado periodicamente.
V24: SR-07 | W24: El sistema debe recibir en una banda ancha en el espectro UHF. (430, 868, 928, 1620 MHz)
V25: SR-08 | W25: El sistema debe consumir un máximo de 10 W en operación nominal.
V26: SR-09 | W26: El sistema debe escuchar activamente y transmitir cuando el OBC lo ordene. (SDR)
V27: SR-10 | W27: El sistema debe ser resiliente a EMI y estar encapsulado en una jaula de Faraday.
V28: SR-11 | W28: El sistema debe implementar mecanismos de integridad de datos y control de acceso.
V29: SR-12 | W29: El sistema debe diseñarse de forma modular, escalable y su firmware debe ser actualizable.
V30: SR-13 | W30: El sistema debe ser completamente verificable en tierra y en órbita.
... V32: SR-15 | W32: El sistema debe tener masa de 3 kg.
